Name,Math,Science,English,Total,Percentage,Grade
Aman,85,78,92,255,85.0,A
Neha,90,88,95,273,91.0,A+
Ravi,70,65,80,215,71.66666666666667,B
Sita,55,60,58,173,57.666666666666664,D
Raj,88,92,85,265,88.33333333333333,A
